[
    {
        "additional_details": null,
        "exception": "Failed to get KMS keys: SDK.HttpError HTTPSConnectionPool(host='kms.cn-shenzhen.aliyuncs.com', port=443): Read timed out. (read timeout=5)",
        "file": "kms.py",
        "line": 22,
        "traceback": "Traceback (most recent call last):\n  File \"/home/karthik/ScoutSuite/ScoutSuite/providers/aliyun/facade/kms.py\", line 22, in get_keys\n    request=ListKeysRequest.ListKeysRequest())\n  File \"/home/karthik/ScoutSuite/ScoutSuite/providers/aliyun/facade/utils.py\", line 10, in get_response\n    response = await run_concurrently(lambda: client.do_action_with_exception(request))\n  File \"/home/karthik/ScoutSuite/ScoutSuite/providers/utils.py\", line 24, in run_concurrently\n    return await run_function_concurrently(function)\n  File \"/usr/lib/python3.6/concurrent/futures/thread.py\", line 56, in run\n    result = self.fn(*self.args, **self.kwargs)\n  File \"/home/karthik/ScoutSuite/ScoutSuite/providers/aliyun/facade/utils.py\", line 10, in <lambda>\n    response = await run_concurrently(lambda: client.do_action_with_exception(request))\n  File \"/home/karthik/.local/lib/python3.6/site-packages/aliyunsdkcore/client.py\", line 464, in do_action_with_exception\n    status, headers, body, exception = self._implementation_of_do_action(acs_request)\n  File \"/home/karthik/.local/lib/python3.6/site-packages/aliyunsdkcore/client.py\", line 301, in _implementation_of_do_action\n    return self._handle_retry_and_timeout(endpoint, request, signer)\n  File \"/home/karthik/.local/lib/python3.6/site-packages/aliyunsdkcore/client.py\", line 386, in _handle_retry_and_timeout\n    raise exception\naliyunsdkcore.acs_exception.exceptions.ClientException: SDK.HttpError HTTPSConnectionPool(host='kms.cn-shenzhen.aliyuncs.com', port=443): Read timed out. (read timeout=5)\n"
    }
]
